{
    "tcylaft6": {
        "T_e": 0.0, 
        "p_ampl": 0.00341020788137107, 
        "pf_045": 0.022448868079294047, 
        "pf_060": -0.089847550744263288, 
        "pf_090": -0.12631388129721927, 
        "pf_120": -0.076419770966296124, 
        "pf_145": 0.045790012842047506, 
        "pf_170": 0.11209745379297931, 
        "pi_045": -0.057454959311157849, 
        "pi_060": -0.20076635856263358, 
        "pi_090": -0.13137735247554469, 
        "pi_120": -0.1147910958587301, 
        "pi_145": -0.031420391772463162, 
        "pi_170": 0.12083783760480782, 
        "tau_ext": 94.225153054658904, 
        "tau_sc": 1730.9995901911811, 
        "tau_tmzp_my": 32.02649734185232
    }, 
    "tcylfmzm": {
        "T_e": 0.0, 
        "p_ampl": 0.055087173919677754, 
        "pf_045": 2.6719347165521885, 
        "pf_060": 2.5744076918097996, 
        "pf_090": 1.3484112870071232, 
        "pf_120": 0.5261569091481626, 
        "pf_145": -0.38265485670828303, 
        "pf_170": -0.80444739170641999, 
        "pi_045": 2.7333732630398426, 
        "pi_060": 2.3552993332687189, 
        "pi_090": 1.203447075207734, 
        "pi_120": 0.36475769306834616, 
        "pi_145": -0.44785268856559401, 
        "pi_170": -1.1171490565935747, 
        "tau_ext": 44.246029474944891, 
        "tau_sc": 1732.2529464630913, 
        "tau_tcylaft6": 54.075905839792377
    }, 
    "tephin": {
        "T_e": 0.0, 
        "p_ampl": 0.067919468805023628, 
        "pf_045": 0.97087786153802891, 
        "pf_060": 1.4310797502081352, 
        "pf_090": 1.8994536625305756, 
        "pf_120": 1.9139147640259448, 
        "pf_145": 1.4157789891619803, 
        "pf_170": 0.65282936451257512, 
        "pi_045": 0.74874818310176283, 
        "pi_060": 1.1062471631627799, 
        "pi_090": 1.4352599428318134, 
        "pi_120": 1.3754336146212318, 
        "pi_145": 0.92452578887819126, 
        "pi_170": 0.18535597796667336, 
        "tau_ext": 38.509613333455292, 
        "tau_sc": 1734.2973777080965, 
        "tau_tcylaft6": 129.80299837832456, 
        "tau_tmzp_my": 105.55070704849928
    }, 
    "tfssbkt1": {
        "T_e": 0.0, 
        "p_ampl": 0.71928486824035631, 
        "pf_045": 22.81714481477173, 
        "pf_060": 27.053580566477955, 
        "pf_090": 28.815273772979296, 
        "pf_120": 26.379158971344928, 
        "pf_145": 17.601607347714882, 
        "pf_170": -8.3747399388425823, 
        "pi_045": 18.386858914473247, 
        "pi_060": 22.544334771648206, 
        "pi_090": 23.331273557100445, 
        "pi_120": 21.975965742013663, 
        "pi_145": 14.342978239606094, 
        "pi_170": -2.7675049552595645, 
        "tau_ext": 3.0302087591667606, 
        "tau_sc": 1732.2529464630913, 
        "tau_tcylfmzm": 14.738302591345949
    }, 
    "tmzp_my": {
        "T_e": 0.0, 
        "p_ampl": 0.029389582120490643, 
        "pf_045": 1.132079808107096, 
        "pf_060": 1.4119365096555594, 
        "pf_090": 1.4788103663369507, 
        "pf_120": 1.200282675570719, 
        "pf_145": 0.43878802016263896, 
        "pf_170": -0.2460210710711952, 
        "pi_045": 0.90840372352166288, 
        "pi_060": 1.1994698972630904, 
        "pi_090": 1.0579834148954297, 
        "pi_120": 0.86021963784907662, 
        "pi_145": 0.28349873729760444, 
        "pi_170": -0.36417940623970468, 
        "tau_ext": 91.129424847165012, 
        "tau_sc": 1728.8710395739897, 
        "tau_tcylaft6": 16.903198230340344
    }
}