{
    "tcylaft6": {
        "T_e": 0.04483547962, 
        "p_ampl": 0.003851246571, 
        "pf_045": -0.006851414764, 
        "pf_060": -0.08855518214, 
        "pf_090": -0.12258324663, 
        "pf_120": -0.0582932719, 
        "pf_145": 0.05465187010, 
        "pf_170": 0.17547695286, 
        "pi_045": -0.05347543413, 
        "pi_060": -0.17690168796, 
        "pi_090": -0.22366748203, 
        "pi_120": -0.11257110843, 
        "pi_145": -0.035591985540, 
        "pi_170": 0.2154617132, 
        "tau_ext": 94.25020236, 
        "tau_sc": 1731.2461934, 
        "tau_tmzp_my": 32.35672530
    }, 
    "tcylfmzm": {
        "T_e": -0.100814231496, 
        "p_ampl": 0.05327116347, 
        "pf_045": 2.6166806505, 
        "pf_060": 2.50245524, 
        "pf_090": 1.3224641503, 
        "pf_120": 0.5148379402, 
        "pf_145": -0.37014139745, 
        "pf_170": -1.033383740, 
        "pi_045": 2.957263535, 
        "pi_060": 2.673290822, 
        "pi_090": 1.3829011273, 
        "pi_120": 0.4950448516, 
        "pi_145": -0.21281532751, 
        "pi_170": -0.7846272678, 
        "tau_ext": 44.271051744, 
        "tau_sc": 1732.4556619, 
        "tau_tcylaft6": 56.13695475
    }, 
    "tephin": {
        "T_e": 0.07168006203, 
        "p_ampl": 0.06705693451, 
        "pf_045": 1.0298164153, 
        "pf_060": 1.464449142, 
        "pf_090": 1.9632781378, 
        "pf_120": 1.9511591555, 
        "pf_145": 1.443143577, 
        "pf_170": 0.6118424183, 
        "pi_045": 0.9182908775, 
        "pi_060": 1.1074515031, 
        "pi_090": 1.4600065024, 
        "pi_120": 1.400576814, 
        "pi_145": 0.8201916596, 
        "pi_170": 0.33319141004, 
        "tau_ext": 38.57900462, 
        "tau_sc": 1734.4942627, 
        "tau_tcylaft6": 130.18252376, 
        "tau_tmzp_my": 109.8280858
    }, 
    "tfssbkt1": {
        "T_e": -0.10555146256, 
        "p_ampl": 0.9137092280, 
        "pf_045": 23.32005268, 
        "pf_060": 27.423468089, 
        "pf_090": 29.18700827, 
        "pf_120": 26.113515161, 
        "pf_145": 17.640600865, 
        "pf_170": -10.965487440, 
        "pi_045": 18.59327816, 
        "pi_060": 22.774117510, 
        "pi_090": 23.58462300, 
        "pi_120": 19.75218896, 
        "pi_145": 14.700850525, 
        "pi_170": -2.5157533703, 
        "tau_ext": 3.010430943, 
        "tau_sc": 1732.459952, 
        "tau_tcylfmzm": 13.451237371
    }, 
    "tmzp_my": {
        "T_e": -0.0002393644924, 
        "p_ampl": 0.031551750663, 
        "pf_045": 1.2144274969, 
        "pf_060": 1.4274250371, 
        "pf_090": 1.4623581608, 
        "pf_120": 1.1858007384, 
        "pf_145": 0.4297315571, 
        "pf_170": -0.29515682631, 
        "pi_045": 0.9200743262, 
        "pi_060": 1.0916959084, 
        "pi_090": 1.0817197504, 
        "pi_120": 0.9893610200, 
        "pi_145": 0.24871297375, 
        "pi_170": -0.2838624267, 
        "tau_ext": 91.17837360, 
        "tau_sc": 1729.0817353, 
        "tau_tcylaft6": 16.627662633
    }
}
