{
    "tcylaft6": {
        "T_e": 0.04483547962982054, 
        "p_ampl": 0.003851246571864555, 
        "pf_045": 0.00695287232839064, 
        "pf_060": -0.0958643419555276, 
        "pf_090": -0.12735759908628874, 
        "pf_120": -0.08168702012496204, 
        "pf_145": 0.04560334508515623, 
        "pf_170": 0.08471032841156956, 
        "pi_045": -0.05347543413574679, 
        "pi_060": -0.17690168796116046, 
        "pi_090": -0.22366748203614273, 
        "pi_120": -0.11257110843802473, 
        "pi_145": -0.035591985540963614, 
        "pi_170": 0.2154617132071207, 
        "tau_ext": 94.25020236228639, 
        "tau_sc": 1731.2461934871603, 
        "tau_tmzp_my": 32.274945366813085
    }, 
    "tcylfmzm": {
        "T_e": -0.10081423149643665, 
        "p_ampl": 0.05327116347283195, 
        "pf_045": 2.5889532952279124, 
        "pf_060": 2.478483786203192, 
        "pf_090": 1.3268229033141719, 
        "pf_120": 0.5167207761008608, 
        "pf_145": -0.3946027123479223, 
        "pf_170": -0.8545878179230912, 
        "pi_045": 2.957263535079395, 
        "pi_060": 2.673290822186649, 
        "pi_090": 1.3829011273896654, 
        "pi_120": 0.4950448516163799, 
        "pi_145": -0.21281532751718557, 
        "pi_170": -0.7846272678489488, 
        "tau_ext": 44.271051744158015, 
        "tau_sc": 1732.4556619043133, 
        "tau_tcylaft6": 53.89454981526961
    }, 
    "tephin": {
        "T_e": 0.07168006203727974, 
        "p_ampl": 0.06705693451077505, 
        "pf_045": 0.9773924590430019, 
        "pf_060": 1.4337187117242074, 
        "pf_090": 1.9355146987293725, 
        "pf_120": 1.9387301580359884, 
        "pf_145": 1.4337474861249762, 
        "pf_170": 0.6305355172455152, 
        "pi_045": 0.9182908775878886, 
        "pi_060": 1.1074515031870136, 
        "pi_090": 1.4600065024965803, 
        "pi_120": 1.400576814149562, 
        "pi_145": 0.8201916596372536, 
        "pi_170": 0.33319141004233876, 
        "tau_ext": 38.57900462166948, 
        "tau_sc": 1734.4942627116543, 
        "tau_tcylaft6": 130.015994901135, 
        "tau_tmzp_my": 105.86863244870958
    }, 
    "tfssbkt1": {
        "T_e": -0.10555146256804404, 
        "p_ampl": 0.9137092280507413, 
        "pf_045": 23.035122967212118, 
        "pf_060": 27.076615040810324, 
        "pf_090": 28.73890883854331, 
        "pf_120": 26.22118266737298, 
        "pf_145": 17.378696245622194, 
        "pf_170": -8.251792851235411, 
        "pi_045": 18.59327816968542, 
        "pi_060": 22.774117510052548, 
        "pi_090": 23.58462300579889, 
        "pi_120": 19.75218896325871, 
        "pi_145": 14.700850525687002, 
        "pi_170": -2.5157533703309474, 
        "tau_ext": 3.010430943532695, 
        "tau_sc": 1732.459952961679, 
        "tau_tcylfmzm": 14.55653792854914
    }, 
    "tmzp_my": {
        "T_e": -0.0002393644924041545, 
        "p_ampl": 0.031551750663906364, 
        "pf_045": 1.1499639980419358, 
        "pf_060": 1.4109957493179524, 
        "pf_090": 1.4704379291627987, 
        "pf_120": 1.2045839780460508, 
        "pf_145": 0.43482624985086193, 
        "pf_170": -0.3001257688402683, 
        "pi_045": 0.9200743262378355, 
        "pi_060": 1.0916959084821798, 
        "pi_090": 1.0817197504617146, 
        "pi_120": 0.9893610200354259, 
        "pi_145": 0.24871297375816925, 
        "pi_170": -0.2838624267832385, 
        "tau_ext": 91.17837360683569, 
        "tau_sc": 1729.0817353284074, 
        "tau_tcylaft6": 16.87812430352883
    }
}